{"cameraMode":{"drawMode":0,"name":"Shaded","section":"Shading Mode"},"sceneLighting":false,"audioPlay":false,"sceneViewState":{"m_AlwaysRefresh":false,"showFog":true,"showSkybox":true,"showFlares":true,"showImageEffects":true,"showParticleSystems":true,"showVisualEffectGraphs":true,"m_FxEnabled":false},"in2DMode":false,"pivot":{"x":-0.055350445210933688,"y":13.933084487915039,"z":14.758800506591797},"rotation":{"x":-0.0883631631731987,"y":-0.022109301760792733,"z":0.001961252884939313,"w":-0.9958540201187134},"size":0.8660253882408142,"orthographic":false}